{
    "종로구": {
        "위도": 37.59552,
        "경도": 126.99046,
        "줌비율" : 12
    },
    "중구": {
        "위도": 37.55918,
        "경도": 126.99627,
        "줌비율" : 12.93
    },
    "용산구": {
        "위도": 37.53014,
        "경도": 126.98315,
        "줌비율": 12.4
    },
    "성동구": {
        "위도": 37.54973,
        "경도": 127.04218,
        "줌비율": 12.4
    },
    "광진구": {
        "위도": 37.54798,
        "경도": 127.0851,
        "줌비율": 12.4
    },
    "동대문구": {
        "위도": 37.58219,
        "경도": 127.05494,
        "줌비율": 12.59
    },
    "중랑구": {
        "위도": 37.59424,
        "경도": 127.09172,
        "줌비율": 12.4
    },
    "성북구": {
        "위도": 37.60399,
        "경도": 127.0174,
        "줌비율": 12.24
    },
    "강북구": {
        "위도": 37.6471,
        "경도": 127.02109,
        "줌비율": 12.05
    },
    "도봉구": {
        "위도": 37.66415,
        "경도": 127.04318,
        "줌비율": 12.05 
    },
    "노원구": {
        "위도": 37.65147,
        "경도": 127.07322,
        "줌비율": 11.86
    },
    "은평구": {
        "위도": 37.61528,
        "경도": 126.91857,
        "줌비율": 11.86
    },
    "서대문구": {
        "위도": 37.58226,
        "경도": 126.93719,
        "줌비율": 12.42
    },
    "마포구": {
        "위도": 37.56177,
        "경도": 126.91402,
        "줌비율": 12.42
    },
    "양천구": {
        "위도": 37.52748,
        "경도": 126.85543,
        "줌비율": 12.96
    },
    "강서구": {
        "위도": 37.56669,
        "경도": 126.82436,
        "줌비율": 12.05
    },
    "구로구": {
        "위도": 37.49738,
        "경도": 126.85789,
        "줌비율": 12.77
    },
    "금천구": {
        "위도": 37.46285,
        "경도": 126.90602,
        "줌비율": 12.4
    },
    "영등포구": {
        "위도": 37.51974,
        "경도": 126.90889,
        "줌비율": 12.18
    },
    "동작구": {
        "위도": 37.49729,
        "경도": 126.94508,
        "줌비율": 12.74
    },
    "관악구": {
        "위도": 37.46832,
        "경도": 126.94891,
        "줌비율": 12.4
    },
    "서초구": {
        "위도": 37.4795,
        "경도": 127.0335,
        "줌비율": 11.68
    },
    "강남구": {
        "위도": 37.49601,
        "경도": 127.06341,
        "줌비율": 11.87
    },
    "송파구": {
        "위도": 37.50532,
        "경도": 127.11579,
        "줌비율": 12.05
    },
    "강동구": {
        "위도": 37.54623,
        "경도": 127.14766,
        "줌비율": 12.24
    },
    "행정구": {
        "위도": 37.5665,
        "경도": 126.978,
        "줌비율": 10.2
    }
}