모델명,MAE,MSE,RMSE,R2
Linear Regression,1105115731,6.37434E+19,7983945134,0.42
Ridge,1102664104,6.45238E+19,8032672336,0.4
Lasso,1102729903,6.45233E+19,8032639907,0.4
ElasticNet,1113992793,4.72624E+19,6874763069,0.4
RandomForest Regressor,482678798.6,8.86647E+18,2977662246,0.92
XGBOOST,482678798.6,8.86647E+18,2977662246,0.92
XGBOOST_성능향상,601967339.9,6.57888E+18,2564931863,0.9393029
Prophet,4340974262,6.71E+20,25910408889,Unknown